"PC1","PC2","Date","Coin"
-1.72473905337074,0.521108164263159,2020-01-01,"ETH"
-1.74624548464012,0.503317027101269,2020-01-02,"ETH"
-1.70102980415763,0.275253955470458,2020-01-03,"ETH"
-1.75962300772325,0.556986163187183,2020-01-04,"ETH"
-1.76329396319485,0.545837266911284,2020-01-05,"ETH"
-1.72015046997428,0.404716712737737,2020-01-06,"ETH"
-1.69919116596823,0.396439166639991,2020-01-07,"ETH"
-1.70497971172118,0.381609729678229,2020-01-08,"ETH"
-1.76512607879389,0.527738086566907,2020-01-09,"ETH"
-1.71128239127738,0.409058720345322,2020-01-10,"ETH"
-1.69908981667604,0.389135555894766,2020-01-11,"ETH"
-1.7242985094209,0.45941309022236,2020-01-12,"ETH"
-1.72894198684063,0.472817512714836,2020-01-13,"ETH"
-1.49458076276432,-0.2729951678295,2020-01-14,"ETH"
-1.52694060428844,-0.131692101639552,2020-01-15,"ETH"
-1.57226838180803,-0.00510413355822442,2020-01-16,"ETH"
-1.5363535257078,-0.11828531581138,2020-01-17,"ETH"
-1.53938877063154,-0.113283019826901,2020-01-18,"ETH"
-1.57707541714074,-0.00509763492291873,2020-01-19,"ETH"
-1.64006997344059,0.227406678350688,2020-01-20,"ETH"
-1.67569543676153,0.348808621853578,2020-01-21,"ETH"
-1.69355966766034,0.400061354119286,2020-01-22,"ETH"
-1.66552667041511,0.292911455772504,2020-01-23,"ETH"
-1.64861634182956,0.273329129194214,2020-01-24,"ETH"
-1.72248414250905,0.48513721562515,2020-01-25,"ETH"
-1.69607548388645,0.393925310297027,2020-01-26,"ETH"
-1.64682292703007,0.238299693832993,2020-01-27,"ETH"
-1.62937106604151,0.167483956438606,2020-01-28,"ETH"
-1.65292053348324,0.263320469618062,2020-01-29,"ETH"
-1.60246008116928,0.0935502621281561,2020-01-30,"ETH"
-1.62836560510966,0.171781546334562,2020-01-31,"ETH"
-1.6333530283466,0.185271376122579,2020-02-01,"ETH"
-1.55551068223228,-0.0338161555148074,2020-02-02,"ETH"
-1.59975967037982,0.115052711280512,2020-02-03,"ETH"
-1.6129918023258,0.177865532384158,2020-02-04,"ETH"
-1.52221557253298,-0.104229567311867,2020-02-05,"ETH"
-1.48004253047185,-0.245027153626984,2020-02-06,"ETH"
-1.4694824001606,-0.267152324810994,2020-02-07,"ETH"
-1.45631434855958,-0.268931869270907,2020-02-08,"ETH"
-1.50503328898914,-0.117508348533637,2020-02-09,"ETH"
-1.4749669571686,-0.223069000890518,2020-02-10,"ETH"
-1.44226848023076,-0.287616611507184,2020-02-11,"ETH"
-1.22060275456703,-0.964059823593163,2020-02-12,"ETH"
-1.17749553777873,-1.0734367201356,2020-02-13,"ETH"
-1.23045555847693,-0.871790860958356,2020-02-14,"ETH"
-1.23260934285964,-0.882387131584917,2020-02-15,"ETH"
-1.19315320988943,-1.01349462053261,2020-02-16,"ETH"
-1.16180662207563,-1.08946924039303,2020-02-17,"ETH"
-1.14237636935672,-1.13280605187727,2020-02-18,"ETH"
-1.238700773648,-0.783848789332817,2020-02-19,"ETH"
-1.23285368751921,-0.836372040584356,2020-02-20,"ETH"
-1.30321791211167,-0.628320886268457,2020-02-21,"ETH"
-1.4016268341608,-0.269780994936853,2020-02-22,"ETH"
-1.3270922839053,-0.510532503882808,2020-02-23,"ETH"
-1.24455057589678,-0.758992032596507,2020-02-24,"ETH"
-1.27867623533017,-0.717573240887895,2020-02-25,"ETH"
-1.16929381235052,-1.10797093527187,2020-02-26,"ETH"
-1.16556949906359,-1.04773123586381,2020-02-27,"ETH"
-1.25977024783786,-0.775902771820315,2020-02-28,"ETH"
-1.37936360237793,-0.38294272478799,2020-02-29,"ETH"
-1.38528367318391,-0.38493295079265,2020-03-01,"ETH"
-1.33116968662376,-0.578151827707648,2020-03-02,"ETH"
-1.34097267530191,-0.535894637284467,2020-03-03,"ETH"
-1.42496232722152,-0.239752900211405,2020-03-04,"ETH"
-1.37359323002406,-0.38397931747375,2020-03-05,"ETH"
-1.35366551285006,-0.495531247097672,2020-03-06,"ETH"
-1.34362944156956,-0.496607901707785,2020-03-07,"ETH"
-1.29563610003369,-0.668046560072765,2020-03-08,"ETH"
-1.23791148650666,-0.872269399615771,2020-03-09,"ETH"
-1.38451999811945,-0.398693954014715,2020-03-10,"ETH"
-1.43226752560277,-0.280294263802548,2020-03-11,"ETH"
-1.32130417551072,-0.741164508974885,2020-03-12,"ETH"
-1.16703192395421,-1.25736969295929,2020-03-13,"ETH"
-1.59706911923068,0.0903048859439786,2020-03-14,"ETH"
-1.59370121105046,0.093473124514377,2020-03-15,"ETH"
-1.50747969697398,-0.197795535044233,2020-03-16,"ETH"
-1.6263345817859,0.14561628294825,2020-03-17,"ETH"
-1.62865761934697,0.191529498817771,2020-03-18,"ETH"
-1.4878549813103,-0.234939974647457,2020-03-19,"ETH"
-1.42161653469562,-0.465169162652944,2020-03-20,"ETH"
-1.55590925200951,0.0105382809516025,2020-03-21,"ETH"
-1.60658787987382,0.110937060532147,2020-03-22,"ETH"
-1.55762303266868,-0.036936102544473,2020-03-23,"ETH"
-1.52713560341398,-0.0716609892138295,2020-03-24,"ETH"
-1.57082884694406,0.0294603324476803,2020-03-25,"ETH"
-1.61788250574059,0.2175203750816,2020-03-26,"ETH"
-1.62084435396126,0.214069808391387,2020-03-27,"ETH"
-1.59915680298382,0.14624589809439,2020-03-28,"ETH"
-1.65721972867914,0.346962478143919,2020-03-29,"ETH"
-1.59764833218967,0.178654708523347,2020-03-30,"ETH"
-1.63238910396496,0.242774651056565,2020-03-31,"ETH"
-1.59687228983032,0.117113163899223,2020-04-01,"ETH"
-1.50058209514398,-0.133240956491043,2020-04-02,"ETH"
-1.5648901346746,0.0557389107018002,2020-04-03,"ETH"
-1.60527985236146,0.163533676433203,2020-04-04,"ETH"
-1.61934357536102,0.224886158892002,2020-04-05,"ETH"
-1.34174945007765,-0.706874250656157,2020-04-06,"ETH"
-1.33866031388928,-0.707414448191824,2020-04-07,"ETH"
-1.45048960622407,-0.292081796147448,2020-04-08,"ETH"
-1.50832393819939,-0.0980335207122309,2020-04-09,"ETH"
-1.42338414590279,-0.371469943211045,2020-04-10,"ETH"
-1.55470198266093,0.0204530674057776,2020-04-11,"ETH"
-1.50085430506343,-0.116060038334501,2020-04-12,"ETH"
-1.47193968758826,-0.238354452984773,2020-04-13,"ETH"
-1.5075211322815,-0.0780898503811335,2020-04-14,"ETH"
-1.52741457449805,-0.0300560576179145,2020-04-15,"ETH"
-1.279362727839,-0.81067188114452,2020-04-16,"ETH"
-1.45397377610742,-0.258451730034382,2020-04-17,"ETH"
-1.35053549539526,-0.56516004554778,2020-04-18,"ETH"
-1.39447831239683,-0.479934285998756,2020-04-19,"ETH"
-1.34289968247327,-0.670793013809658,2020-04-20,"ETH"
-1.46382721666624,-0.236796321373466,2020-04-21,"ETH"
-1.42264832454735,-0.375823381375699,2020-04-22,"ETH"
-1.31990641221459,-0.664613052689404,2020-04-23,"ETH"
-1.44844561686113,-0.266084775855024,2020-04-24,"ETH"
-1.40881005263562,-0.398859828136463,2020-04-25,"ETH"
-1.40322224681111,-0.404401518038467,2020-04-26,"ETH"
-1.40542865152668,-0.438683885415137,2020-04-27,"ETH"
-1.41665724180712,-0.397919352600602,2020-04-28,"ETH"
-1.17431736546822,-1.1248755209471,2020-04-29,"ETH"
-1.12232124379035,-1.27272279236855,2020-04-30,"ETH"
-1.30859082912715,-0.618312195483511,2020-05-01,"ETH"
-1.37280184027902,-0.387757042943805,2020-05-02,"ETH"
-1.32596907350016,-0.589846239344478,2020-05-03,"ETH"
-1.2560766099021,-0.775855254055247,2020-05-04,"ETH"
-1.35011359313172,-0.452237021219343,2020-05-05,"ETH"
-1.32791851166136,-0.577118030806669,2020-05-06,"ETH"
-1.24953598683218,-0.873037640910843,2020-05-07,"ETH"
-1.32800057855655,-0.588504649573901,2020-05-08,"ETH"
-1.36390049128024,-0.452745102385367,2020-05-09,"ETH"
-1.21655962467152,-1.0187475544336,2020-05-10,"ETH"
-1.35129729020804,-0.554755796583207,2020-05-11,"ETH"
-1.46337095861241,-0.183013957356336,2020-05-12,"ETH"
-1.4312213038776,-0.287431509569696,2020-05-13,"ETH"
-1.33862644211333,-0.561779587206824,2020-05-14,"ETH"
-1.42849237722639,-0.240702446277946,2020-05-15,"ETH"
-1.47216419528571,-0.135885445163767,2020-05-16,"ETH"
-1.45724704904338,-0.140158738901401,2020-05-17,"ETH"
-1.40866190918922,-0.316534199504574,2020-05-18,"ETH"
-1.50168411545284,-0.0457251289289526,2020-05-19,"ETH"
-1.53500015601679,0.103427774014432,2020-05-20,"ETH"
-1.53461747034864,0.0471687207933454,2020-05-21,"ETH"
-1.56486500319346,0.161191781815801,2020-05-22,"ETH"
-1.59800964691937,0.285778147576318,2020-05-23,"ETH"
-1.56062872945515,0.184256902187752,2020-05-24,"ETH"
-1.60730969107517,0.307679072771521,2020-05-25,"ETH"
-1.621950794409,0.328055255250799,2020-05-26,"ETH"
-1.59333779617396,0.2909796897766,2020-05-27,"ETH"
-1.55269792365529,0.147050357673378,2020-05-28,"ETH"
-1.5483880176089,0.143266696215654,2020-05-29,"ETH"
-1.45855310605116,-0.101165920848812,2020-05-30,"ETH"
-1.5318577494174,0.151283522798002,2020-05-31,"ETH"
-1.48486022719042,-0.0044094645346551,2020-06-01,"ETH"
-1.49320590258526,0.0106774451512939,2020-06-02,"ETH"
-1.5855482965506,0.366050665908662,2020-06-03,"ETH"
-1.57287986306595,0.340013818709836,2020-06-04,"ETH"
-1.60942793277588,0.414015235623578,2020-06-05,"ETH"
-1.63655501838878,0.521341629457823,2020-06-06,"ETH"
-1.58991913513607,0.395884940971358,2020-06-07,"ETH"
-1.63554834251644,0.524923648931804,2020-06-08,"ETH"
-1.63790694052702,0.487277728033407,2020-06-09,"ETH"
-1.63052052933946,0.455162660127385,2020-06-10,"ETH"
-1.53903632954492,0.136288460726947,2020-06-11,"ETH"
-1.63289636757961,0.448006632528143,2020-06-12,"ETH"
-1.67316246802779,0.604948388880717,2020-06-13,"ETH"
-1.66729683150969,0.578113608674409,2020-06-14,"ETH"
-1.58467960295956,0.30092777768507,2020-06-15,"ETH"
-1.64041126513712,0.535783505644462,2020-06-16,"ETH"
-1.65986376161362,0.554925290212246,2020-06-17,"ETH"
-1.68858270873068,0.642725400618854,2020-06-18,"ETH"
-1.67661132116763,0.62474222397761,2020-06-19,"ETH"
-1.68739234266045,0.689607903733343,2020-06-20,"ETH"
-1.70793767289512,0.74696174450809,2020-06-21,"ETH"
-1.61501425315433,0.433126446057509,2020-06-22,"ETH"
-1.67459359984377,0.655381239077653,2020-06-23,"ETH"
-1.61469726829047,0.460585574535316,2020-06-24,"ETH"
-1.65558454757617,0.625608665938399,2020-06-25,"ETH"
-1.64915615659108,0.610797823524753,2020-06-26,"ETH"
-1.66512148748588,0.632490245332393,2020-06-27,"ETH"
-1.69548049139598,0.691739532330645,2020-06-28,"ETH"
-1.6664882285848,0.65046962847532,2020-06-29,"ETH"
-1.69328308046296,0.703613241048063,2020-06-30,"ETH"
-1.68576094450724,0.668915144036562,2020-07-01,"ETH"
-1.68805949691094,0.693390517812458,2020-07-02,"ETH"
-1.71548217840983,0.793659216873171,2020-07-03,"ETH"
-1.7040345854226,0.785618645805239,2020-07-04,"ETH"
-1.70898993505502,0.777523873931367,2020-07-05,"ETH"
-1.60685791930559,0.466018628509075,2020-07-06,"ETH"
-1.67978523831645,0.672345045432237,2020-07-07,"ETH"
-1.56388841322939,0.370891955809847,2020-07-08,"ETH"
-1.61115753453697,0.499503526591466,2020-07-09,"ETH"
-1.64711821979642,0.60068864555059,2020-07-10,"ETH"
-1.69089805455087,0.747808491247107,2020-07-11,"ETH"
-1.65613452290737,0.665497990097274,2020-07-12,"ETH"
-1.62015331181448,0.560590055581328,2020-07-13,"ETH"
-1.63928282181756,0.596170138191656,2020-07-14,"ETH"
-1.67913492218486,0.69787607883618,2020-07-15,"ETH"
-1.68491559919624,0.732014293496129,2020-07-16,"ETH"
-1.69597656548982,0.725110001891448,2020-07-17,"ETH"
-1.69785886819899,0.770222102960351,2020-07-18,"ETH"
-1.66700446663783,0.696298935180347,2020-07-19,"ETH"
-1.69936264043752,0.749232598507198,2020-07-20,"ETH"
-1.67989563165963,0.635031994402612,2020-07-21,"ETH"
-1.65282977752771,0.553610569592652,2020-07-22,"ETH"
-1.56027992100673,0.329686155483588,2020-07-23,"ETH"
-1.56021926730936,0.410550977232963,2020-07-24,"ETH"
-1.52600689149352,0.288491564503816,2020-07-25,"ETH"
-1.48250546734528,0.182636042756179,2020-07-26,"ETH"
-1.37211752092618,-0.140414130992794,2020-07-27,"ETH"
-1.45059123979266,0.158613319598133,2020-07-28,"ETH"
-1.48410742934798,0.293254993918151,2020-07-29,"ETH"
-1.45939435584181,0.20570149246259,2020-07-30,"ETH"
-1.47476298711865,0.178090089831087,2020-07-31,"ETH"
-1.39150643708602,0.00331671980496551,2020-08-01,"ETH"
-1.24749777896518,-0.425590225954188,2020-08-02,"ETH"
-1.4249660849441,0.111295078088341,2020-08-03,"ETH"
-1.38525058852331,0.000961555534640474,2020-08-04,"ETH"
-1.41299300711388,0.109746903826902,2020-08-05,"ETH"
-1.46000342965886,0.249594981878736,2020-08-06,"ETH"
-1.41206379176054,0.125457442593532,2020-08-07,"ETH"
-1.49268640904426,0.433281930100939,2020-08-08,"ETH"
-1.47781108638992,0.428452765567988,2020-08-09,"ETH"
-1.41929135675019,0.226945657426447,2020-08-10,"ETH"
-1.40574921253449,0.123698182308917,2020-08-11,"ETH"
-1.40518207875586,0.1607854529273,2020-08-12,"ETH"
-1.21858818410614,-0.379464582863789,2020-08-13,"ETH"
-1.28878528495916,-0.0662378344560007,2020-08-14,"ETH"
-1.34820322183925,0.176143924526117,2020-08-15,"ETH"
-1.37036942900071,0.192294675669974,2020-08-16,"ETH"
-1.36080401751581,0.0908082919874085,2020-08-17,"ETH"
-1.42203340853567,0.192864611069814,2020-08-18,"ETH"
-1.43788528178153,0.381195927756454,2020-08-20,"ETH"
-1.38461312956054,0.231547235811976,2020-08-21,"ETH"
-1.43095083050647,0.377734818803845,2020-08-22,"ETH"
-1.48144709906828,0.558269000983285,2020-08-23,"ETH"
-1.41529246406509,0.362380745236549,2020-08-24,"ETH"
-1.36159177396964,0.176443376694085,2020-08-25,"ETH"
-1.43171793303152,0.395133801187682,2020-08-26,"ETH"
-1.41998157558271,0.351124840272082,2020-08-27,"ETH"
-1.44046795694301,0.47509826536308,2020-08-28,"ETH"
-1.46557163418465,0.499203311041055,2020-08-29,"ETH"
-1.37978542075404,0.285024398183284,2020-08-30,"ETH"
-1.33607172393255,0.144716967144297,2020-08-31,"ETH"
-1.12193106779717,-0.387188637974665,2020-09-01,"ETH"
-1.11179390594108,-0.461177075283013,2020-09-02,"ETH"
-1.14660482531135,-0.460269816484945,2020-09-03,"ETH"
-1.21089348501486,-0.197902066056373,2020-09-04,"ETH"
-0.86150191145139,-1.36908779863948,2020-09-05,"ETH"
-0.903104012935912,-1.16402666762085,2020-09-06,"ETH"
-1.04784779664862,-0.631900049124731,2020-09-07,"ETH"
-1.16638245482821,-0.298387365299978,2020-09-08,"ETH"
-1.2503834058848,0.0116008949955297,2020-09-09,"ETH"
-0.797382527828916,-1.50301944633481,2020-09-10,"ETH"
-0.884451329170785,-1.12516130038684,2020-09-11,"ETH"
-1.2424227642905,0.134900502964789,2020-09-12,"ETH"
-1.20892778454444,-0.0202612236898195,2020-09-13,"ETH"
-1.14074957320788,-0.248552665474527,2020-09-14,"ETH"
-1.17676829730681,-0.121212981682352,2020-09-15,"ETH"
-1.19049744545864,-0.123263198865901,2020-09-16,"ETH"
-1.04615939008397,-0.450068570123336,2020-09-17,"ETH"
-1.22453825748725,0.0609345932245245,2020-09-18,"ETH"
-1.29833264988033,0.33807773281679,2020-09-19,"ETH"
-1.26398251247416,0.229006503387652,2020-09-20,"ETH"
-1.12731624807184,-0.224860162260035,2020-09-21,"ETH"
-1.2638575888722,0.188703848244342,2020-09-22,"ETH"
-1.25440430354299,0.178757319722973,2020-09-23,"ETH"
-1.16927557381245,-0.0738474053385304,2020-09-24,"ETH"
-1.19814675019767,0.0479043080287408,2020-09-25,"ETH"
-1.20872900835386,0.176455539905129,2020-09-26,"ETH"
-1.187413735631,0.129498520445512,2020-09-27,"ETH"
-1.20100800360692,0.0588544380442825,2020-09-28,"ETH"
-1.24712278631976,0.305961039906619,2020-09-29,"ETH"
-1.24736659301546,0.284097173877846,2020-09-30,"ETH"
-1.16815700138891,0.0294681697701359,2020-10-01,"ETH"
-1.17739605203912,0.0732238862452879,2020-10-02,"ETH"
-1.32822631599184,0.430780595624542,2020-10-03,"ETH"
-1.27284308935558,0.387298033442182,2020-10-04,"ETH"
-1.23687080256385,0.28970042910337,2020-10-05,"ETH"
-1.1874364713399,0.208394863164671,2020-10-06,"ETH"
-1.21819652865687,0.286508964112917,2020-10-07,"ETH"
-1.19480848406396,0.141329302741994,2020-10-08,"ETH"
-1.19119201708277,0.182376375881678,2020-10-09,"ETH"
-1.17078556771762,0.13203964425909,2020-10-10,"ETH"
-1.20512953268462,0.221574371473331,2020-10-11,"ETH"
-1.10900465263258,-0.0712815812922069,2020-10-12,"ETH"
-1.15140146103436,0.0772946738634688,2020-10-13,"ETH"
-1.16668697701879,0.102407781373213,2020-10-14,"ETH"
-1.12953887497637,0.012508965395015,2020-10-15,"ETH"
-1.13932273198245,0.0395593309610688,2020-10-16,"ETH"
-1.24148013054522,0.371724856299946,2020-10-17,"ETH"
-1.25579524466563,0.355417015582831,2020-10-18,"ETH"
-1.18651353595807,0.205417982330937,2020-10-19,"ETH"
-1.16179040450475,0.123398623430727,2020-10-20,"ETH"
-0.978068400184346,-0.458747121922497,2020-10-21,"ETH"
-1.09050289307134,-0.0582730647458924,2020-10-22,"ETH"
-1.12745392222219,0.0796898047602382,2020-10-23,"ETH"
-1.17454195706558,0.266505638938448,2020-10-24,"ETH"
-1.22797264672784,0.377991555850407,2020-10-25,"ETH"
-1.13844159934693,-0.0122528629833477,2020-10-26,"ETH"
-1.15394577681341,0.101830054065486,2020-10-27,"ETH"
-1.1187211367783,-0.0160715171116479,2020-10-28,"ETH"
-1.15834374327079,0.204322317935247,2020-10-29,"ETH"
-1.15797202913692,0.128375765022571,2020-10-30,"ETH"
-1.2209824785638,0.344614333831623,2020-10-31,"ETH"
-1.23321695396989,0.41876407968201,2020-11-01,"ETH"
-1.15547969810692,0.0982914845949012,2020-11-02,"ETH"
-1.18899893024243,0.225727904927155,2020-11-03,"ETH"
-1.11502649512575,-0.00144418910716194,2020-11-04,"ETH"
-1.10758750155793,-0.0316641959707166,2020-11-05,"ETH"
-1.02926452953111,-0.136856639365846,2020-11-06,"ETH"
-0.970123524274129,-0.324936474806448,2020-11-07,"ETH"
-1.19663120665044,0.343313916198802,2020-11-08,"ETH"
-1.1289841809829,0.12955936692516,2020-11-09,"ETH"
-1.16707737432097,0.275488956541517,2020-11-10,"ETH"
-1.09621148366052,0.102446088297654,2020-11-11,"ETH"
-1.13944046580159,0.205855169286498,2020-11-12,"ETH"
-1.11409818548893,0.182363891446969,2020-11-13,"ETH"
-1.20689450471091,0.436398695584025,2020-11-14,"ETH"
-1.20031071612989,0.44105565997828,2020-11-15,"ETH"
-1.1692901461015,0.337969641580005,2020-11-16,"ETH"
-1.06938046078707,0.0586245792980413,2020-11-17,"ETH"
-0.980051555246859,-0.235462081811471,2020-11-18,"ETH"
-1.12768718960664,0.249217989909882,2020-11-19,"ETH"
-0.937167476406819,-0.297931665842476,2020-11-20,"ETH"
-0.858956575569364,-0.485934773637209,2020-11-21,"ETH"
-0.813046680794891,-0.590359429761184,2020-11-22,"ETH"
-0.67860202246634,-1.07571475235668,2020-11-23,"ETH"
-0.760583977368514,-0.707874070121764,2020-11-24,"ETH"
-0.85688695130263,-0.42117994066753,2020-11-25,"ETH"
-0.584920339791472,-1.41060847177296,2020-11-26,"ETH"
-0.970523541953989,-0.132047926943752,2020-11-27,"ETH"
-1.03173221013228,0.0475528820795477,2020-11-28,"ETH"
-0.980234954292851,0.037542481709526,2020-11-29,"ETH"
-0.811037004683287,-0.428490543580942,2020-11-30,"ETH"
-0.626018352079459,-1.04343306338203,2020-12-01,"ETH"
-0.941200559394406,-0.13697316219798,2020-12-02,"ETH"
-0.928923078605632,-0.061145288868092,2020-12-03,"ETH"
-0.939477673051745,-0.0779037774353965,2020-12-04,"ETH"
-1.00888552587566,0.175534586206026,2020-12-05,"ETH"
-1.0651065569688,0.373812545023357,2020-12-06,"ETH"
-1.08329739398322,0.425172093290839,2020-12-07,"ETH"
-0.997547792812038,0.0955114555923112,2020-12-08,"ETH"
-0.948291779413595,-0.0337377983468136,2020-12-09,"ETH"
-1.06152707936312,0.342780711405287,2020-12-10,"ETH"
-1.1082238414692,0.384059874289095,2020-12-11,"ETH"
-1.16050280705903,0.617162703541119,2020-12-12,"ETH"
-1.12413003000518,0.574719789235504,2020-12-13,"ETH"
-1.18091194040616,0.6478218551822,2020-12-14,"ETH"
-1.13858464187084,0.543626986562088,2020-12-15,"ETH"
-0.940848977018705,-0.0354787607410699,2020-12-16,"ETH"
-0.672928606449421,-0.899109311414512,2020-12-17,"ETH"
-0.919113860956152,-0.0235762671083271,2020-12-18,"ETH"
-1.01474023536449,0.231520314477244,2020-12-19,"ETH"
-0.993591943884612,0.187963122896359,2020-12-20,"ETH"
-0.961234543393814,0.0998999616138188,2020-12-21,"ETH"
-0.948659185156527,0.0687701358366203,2020-12-22,"ETH"
-0.943488076056942,0.0260901387616174,2020-12-23,"ETH"
-0.967685403182252,0.107444053483304,2020-12-24,"ETH"
-0.999132322753198,0.172971582917099,2020-12-25,"ETH"
-0.942837767236837,0.0692677236316226,2020-12-26,"ETH"
-0.622981354022254,-0.946714495865733,2020-12-27,"ETH"
-0.617728809338868,-0.764281156134027,2020-12-28,"ETH"
-0.775950678642889,-0.274251197282629,2020-12-29,"ETH"
-0.825818517763087,-0.154631645958257,2020-12-30,"ETH"
-0.90952304258175,0.1516623079791,2020-12-31,"ETH"
-0.921037085474805,0.17570806646618,2021-01-01,"ETH"
-0.722908018884094,-0.362588791722184,2021-01-02,"ETH"
0.0724748542886116,-2.62893509887061,2021-01-03,"ETH"
0.409283710532435,-3.68211655153052,2021-01-04,"ETH"
0.0156509516144458,-2.3013122362372,2021-01-05,"ETH"
0.17543285710924,-2.57086545671682,2021-01-06,"ETH"
0.0610223867560121,-2.19424462887759,2021-01-07,"ETH"
0.177582573266737,-2.53581937610522,2021-01-08,"ETH"
-0.0981240202406939,-1.53988377880322,2021-01-09,"ETH"
0.103786107294684,-2.19773457418518,2021-01-10,"ETH"
0.584634392183334,-4.00017257786356,2021-01-11,"ETH"
-0.052014866489086,-1.91595024239409,2021-01-12,"ETH"
-0.215940379847357,-1.25268034723962,2021-01-13,"ETH"
-0.0713228894511896,-1.53889988268768,2021-01-14,"ETH"
-0.0339247719510988,-1.77427055938321,2021-01-15,"ETH"
-0.0939080918474308,-1.44050914957826,2021-01-16,"ETH"
-0.191423409858517,-1.17165836741528,2021-01-17,"ETH"
-0.268005594769797,-0.860852108562486,2021-01-18,"ETH"
0.365255433415071,-2.77043038431563,2021-01-19,"ETH"
0.384929279593301,-2.72251212967636,2021-01-20,"ETH"
0.252594672312593,-2.65293963747283,2021-01-21,"ETH"
0.241433553072908,-2.47139250559561,2021-01-22,"ETH"
-0.206892051281366,-0.977344984968527,2021-01-23,"ETH"
0.128011165355613,-1.7864834532375,2021-01-24,"ETH"
0.30758793200404,-2.42277495887017,2021-01-25,"ETH"
0.267880671216401,-2.24327304201519,2021-01-26,"ETH"
0.193051474434685,-2.04023439032106,2021-01-27,"ETH"
0.0855622958503155,-1.61690019307926,2021-01-28,"ETH"
0.596749107214699,-3.32349895716706,2021-01-29,"ETH"
-0.0294191291993544,-1.26495996672679,2021-01-30,"ETH"
-0.201748020322811,-0.781421415241664,2021-01-31,"ETH"
-0.0506011063140036,-1.13149470138312,2021-02-01,"ETH"
0.476575637651552,-2.57077302438611,2021-02-02,"ETH"
0.433684645077354,-2.25097030518561,2021-02-03,"ETH"
0.496109630102427,-2.4701643062902,2021-02-04,"ETH"
0.437723121520691,-2.08075105057252,2021-02-05,"ETH"
0.413006774212762,-2.0612218242289,2021-02-06,"ETH"
0.403236929889901,-2.05784986252578,2021-02-07,"ETH"
0.703021228240292,-2.77262802016226,2021-02-08,"ETH"
0.602421918796202,-2.43127679068488,2021-02-09,"ETH"
0.538013674234795,-2.22654292595407,2021-02-10,"ETH"
0.407587170779789,-1.69285063384577,2021-02-11,"ETH"
0.508549273711692,-1.85044610523414,2021-02-12,"ETH"
0.415038949372446,-1.62786757398514,2021-02-13,"ETH"
0.319560893509908,-1.2716045168629,2021-02-14,"ETH"
0.522643178073618,-1.9414016512538,2021-02-15,"ETH"
0.397012184462529,-1.52146483310472,2021-02-16,"ETH"
0.481408504731755,-1.66674229335001,2021-02-17,"ETH"
0.298219034721392,-0.979626131047267,2021-02-18,"ETH"
0.276646798667228,-0.792480446555248,2021-02-19,"ETH"
0.478582143797775,-1.55154764802922,2021-02-20,"ETH"
0.164209714480495,-0.568200224192898,2021-02-21,"ETH"
0.658846445502961,-2.23464237090383,2021-02-22,"ETH"
0.833723392084726,-3.10037885626206,2021-02-23,"ETH"
0.311049220366667,-1.23979755574863,2021-02-24,"ETH"
0.0497025562527656,-0.635412170238744,2021-02-25,"ETH"
0.23197344781655,-1.25644673241356,2021-02-26,"ETH"
-0.0393973421674341,-0.293801528304702,2021-02-27,"ETH"
0.130863235590956,-0.911531814625028,2021-02-28,"ETH"
0.0915334148163679,-0.586491785695347,2021-03-01,"ETH"
0.0293613073197744,-0.449928277992086,2021-03-02,"ETH"
0.0351321627374151,-0.473906206754184,2021-03-03,"ETH"
0.0309739664684963,-0.494153926482072,2021-03-04,"ETH"
0.0196640561540653,-0.313624307772267,2021-03-05,"ETH"
0.149376971264218,-0.448149855561879,2021-03-06,"ETH"
0.198376937862878,-0.544812906586836,2021-03-07,"ETH"
0.352567580862088,-0.882642396232989,2021-03-08,"ETH"
0.234380080070912,-0.51568507598307,2021-03-09,"ETH"
0.259810229065101,-0.665896258637853,2021-03-10,"ETH"
0.246649563816486,-0.560529779368555,2021-03-11,"ETH"
0.161030216690418,-0.428445931001894,2021-03-12,"ETH"
0.323166454652897,-0.644656965154967,2021-03-13,"ETH"
0.15586787800854,-0.132715612442644,2021-03-14,"ETH"
0.323967532726148,-0.749296185499786,2021-03-15,"ETH"
0.275744648782057,-0.528429432528669,2021-03-16,"ETH"
0.31121708802392,-0.585417631002893,2021-03-17,"ETH"
0.238961493972275,-0.48275848378934,2021-03-18,"ETH"
0.234631514726536,-0.287986284458961,2021-03-19,"ETH"
0.298000470220009,-0.405760748104571,2021-03-20,"ETH"
0.288889085736341,-0.435803525938363,2021-03-21,"ETH"
0.243239475741335,-0.502352142065488,2021-03-22,"ETH"
0.206553298215829,-0.354746550260969,2021-03-23,"ETH"
0.419207398331903,-1.18395752731697,2021-03-24,"ETH"
0.409409768149611,-1.03038886140677,2021-03-25,"ETH"
0.29196999285916,-0.380369726680305,2021-03-26,"ETH"
0.167260378049359,0.0143092340822807,2021-03-27,"ETH"
0.124929922033333,0.151643314333506,2021-03-28,"ETH"
0.376901654073513,-0.388417973816203,2021-03-29,"ETH"
0.383940092262795,-0.360991958415447,2021-03-30,"ETH"
0.616339966944555,-1.05237680542672,2021-03-31,"ETH"
0.663871494812388,-1.11076271135967,2021-04-01,"ETH"
0.848877045219893,-1.45670429965865,2021-04-02,"ETH"
0.719996845983495,-1.20575687775017,2021-04-03,"ETH"
0.596595897402721,-0.661682980655369,2021-04-04,"ETH"
0.702327944810751,-0.911043172477818,2021-04-05,"ETH"
0.747790480630344,-0.928819461486336,2021-04-06,"ETH"
0.8892566794799,-1.54336263759438,2021-04-07,"ETH"
0.676244553411931,-0.561660845329773,2021-04-08,"ETH"
0.487613588115008,-0.0819233006937959,2021-04-09,"ETH"
0.653589770812165,-0.543960492370282,2021-04-10,"ETH"
0.506613087626315,-0.0743648973698086,2021-04-11,"ETH"
0.642541432576512,-0.223191456582087,2021-04-12,"ETH"
0.913776602886052,-0.91303027352774,2021-04-13,"ETH"
1.13457468865689,-1.45985891646229,2021-04-14,"ETH"
1.07661089114423,-1.16697052455523,2021-04-15,"ETH"
1.09438025987041,-1.53517149461451,2021-04-16,"ETH"
0.963267967757379,-1.18919483853151,2021-04-17,"ETH"
1.42544209271002,-2.83059181068865,2021-04-18,"ETH"
0.917303154263133,-1.35360575606492,2021-04-19,"ETH"
1.16818284003421,-1.81666746970121,2021-04-20,"ETH"
1.2086604200909,-1.75241503715231,2021-04-21,"ETH"
1.62893868272105,-3.06298374208985,2021-04-22,"ETH"
1.65819235642019,-3.23004145013438,2021-04-23,"ETH"
0.957308500497404,-1.1241550425965,2021-04-24,"ETH"
1.0520820822728,-1.09801222833269,2021-04-25,"ETH"
1.24658949634115,-1.39204083614511,2021-04-26,"ETH"
1.19273953031158,-1.136901389518,2021-04-27,"ETH"
1.34449688409952,-1.28938159935578,2021-04-28,"ETH"
1.29082015788977,-1.14238766004329,2021-04-29,"ETH"
1.23732937811154,-0.885361003407943,2021-04-30,"ETH"
1.29006714832964,-0.783568195853164,2021-05-01,"ETH"
1.26057517723237,-0.726087966705387,2021-05-02,"ETH"
2.02014054522321,-2.61216465353588,2021-05-03,"ETH"
2.35157228626014,-3.78286072270234,2021-05-04,"ETH"
2.07356736805615,-2.52025683109005,2021-05-05,"ETH"
1.99507804272275,-2.14294568735887,2021-05-06,"ETH"
1.82089662905934,-1.73991430183809,2021-05-07,"ETH"
2.32040651821224,-2.66427281168909,2021-05-08,"ETH"
2.36627148967286,-2.68617086605644,2021-05-09,"ETH"
2.69320921078352,-3.77538796922134,2021-05-10,"ETH"
2.53279795300577,-2.86575862826605,2021-05-11,"ETH"
2.81798338873151,-4.3377101682544,2021-05-12,"ETH"
3.07154232552475,-5.16786237832904,2021-05-13,"ETH"
2.40782431622287,-2.45134676299447,2021-05-14,"ETH"
2.05679939981652,-1.95168808480851,2021-05-15,"ETH"
2.21822790127627,-2.37620415100251,2021-05-16,"ETH"
2.23675290150193,-2.99759620836632,2021-05-17,"ETH"
1.94595480747226,-1.7589162019574,2021-05-18,"ETH"
2.77626914834103,-5.71946169286151,2021-05-19,"ETH"
2.48742436447525,-4.18823082961424,2021-05-20,"ETH"
1.90837442251306,-2.97966862771874,2021-05-21,"ETH"
1.5178634521157,-1.94363669065449,2021-05-22,"ETH"
1.79908800982,-3.20109791382506,2021-05-23,"ETH"
1.94112241487151,-2.9881767317445,2021-05-24,"ETH"
1.86647173152,-2.61173779176826,2021-05-25,"ETH"
1.74401552319451,-1.9779995059156,2021-05-26,"ETH"
1.40732010084591,-1.17451509449477,2021-05-27,"ETH"
1.44584309164146,-1.77903825087203,2021-05-28,"ETH"
1.20677694770198,-1.22966730423555,2021-05-29,"ETH"
1.07175219470997,-0.507341649700808,2021-05-30,"ETH"
1.32792026888427,-0.965646936424896,2021-05-31,"ETH"
1.14064785232374,-0.662173375571716,2021-06-01,"ETH"
1.22315598490454,-0.676530155303294,2021-06-02,"ETH"
1.36193344347126,-0.874677899420982,2021-06-03,"ETH"
1.44300482009141,-1.23453113022192,2021-06-04,"ETH"
1.31662541525768,-0.907501942916613,2021-06-05,"ETH"
1.22421292537443,-0.436469533673283,2021-06-06,"ETH"
1.32231470277473,-0.910333601054458,2021-06-07,"ETH"
1.59796699951604,-1.92485679582869,2021-06-08,"ETH"
1.44837890508568,-1.41150339417069,2021-06-09,"ETH"
1.15563029537289,-0.773630412453067,2021-06-10,"ETH"
1.00247706384987,-0.424621056519748,2021-06-11,"ETH"
0.999901645706415,-0.517158702845088,2021-06-12,"ETH"
1.06838445711341,-0.645990133040493,2021-06-13,"ETH"
1.06864151472376,-0.63709521804608,2021-06-14,"ETH"
1.20672411723746,-0.79804049593581,2021-06-15,"ETH"
0.933303159075518,-0.379875087323947,2021-06-16,"ETH"
0.862414991206084,-0.184887368594253,2021-06-17,"ETH"
0.862957804440993,-0.253719179703129,2021-06-18,"ETH"
0.647849388174897,0.0695350014702711,2021-06-19,"ETH"
0.741263922153077,-0.280513192966351,2021-06-20,"ETH"
0.831555351053282,-1.31729147465466,2021-06-21,"ETH"
0.838529205807933,-1.49305918798988,2021-06-22,"ETH"
0.643379601817513,-0.870025378110535,2021-06-23,"ETH"
0.418154975773994,-0.143219894734319,2021-06-24,"ETH"
0.387515743304241,-0.381173920688596,2021-06-25,"ETH"
0.308526438455124,-0.20016678242419,2021-06-26,"ETH"
0.350180966107597,-0.129261116938698,2021-06-27,"ETH"
0.576026415425559,-0.618888104156159,2021-06-28,"ETH"
0.612161657999411,-0.546066362511345,2021-06-29,"ETH"
0.66796031947741,-0.641038141618423,2021-06-30,"ETH"
0.687588292134942,-0.934900703615722,2021-07-01,"ETH"
0.799913588032209,-1.17018880611548,2021-07-02,"ETH"
0.437023982492758,0.115646446794412,2021-07-03,"ETH"
0.52428903947188,0.000829978476792476,2021-07-04,"ETH"
0.534383459918998,-0.11027581662063,2021-07-05,"ETH"
0.62464578887464,-0.171461999950528,2021-07-06,"ETH"
0.71829422869329,-0.519849651449397,2021-07-07,"ETH"
0.600549703372101,-0.398978892653695,2021-07-08,"ETH"
0.634467153006608,-0.467425303985808,2021-07-09,"ETH"
0.62286337185982,-0.280284706417773,2021-07-10,"ETH"
0.502771140470857,0.0867519979174443,2021-07-11,"ETH"
0.38499882170504,0.439431750403863,2021-07-12,"ETH"
0.300724471502308,0.20519855339812,2021-07-13,"ETH"
0.39936168136654,0.0547497876271514,2021-07-14,"ETH"
0.446764242167143,-0.0962648963797699,2021-07-15,"ETH"
0.380495843130482,0.0864506331235406,2021-07-16,"ETH"
0.329113174814667,0.117664564635039,2021-07-17,"ETH"
0.318921383282705,0.295856568743157,2021-07-20,"ETH"
0.53731180448021,-0.134705038194609,2021-07-21,"ETH"
0.690283327771552,-0.601172376402077,2021-07-22,"ETH"
0.647146272442627,-0.21212165898241,2021-07-23,"ETH"
0.60893975049002,-0.140867360100878,2021-07-24,"ETH"
0.650703433185943,0.0123101419829718,2021-07-25,"ETH"
0.597062405370204,0.263855046570937,2021-07-26,"ETH"
1.07651824393265,-1.4238261845063,2021-07-27,"ETH"
0.951527918118848,-0.838823090406358,2021-07-28,"ETH"
0.868040422734834,-0.177757304464158,2021-08-01,"ETH"
1.02348323482137,-0.535898502765503,2021-08-02,"ETH"
1.02117799152762,-0.620333256005917,2021-08-03,"ETH"
1.16236085191998,-0.560141252421805,2021-08-04,"ETH"
1.31630390559359,-0.820293810706778,2021-08-05,"ETH"
1.50028214001078,-0.905119675415857,2021-08-11,"ETH"
1.41977540550581,-0.728409458732016,2021-08-12,"ETH"
1.51093231941184,-0.688178808744356,2021-08-13,"ETH"
1.44167060784963,-0.495036470295076,2021-08-14,"ETH"
1.33460090218194,-0.115695388021991,2021-08-15,"ETH"
1.32392420316921,-0.366692251881485,2021-08-16,"ETH"
1.34527817498902,-0.49157308039756,2021-08-17,"ETH"
1.42981983574224,-0.697137953158328,2021-08-18,"ETH"
1.41126127028175,-0.216605693066685,2021-08-19,"ETH"
1.35285273288529,0.00765094744868113,2021-08-20,"ETH"
1.40683691412725,-0.112177204290437,2021-08-21,"ETH"
1.27601437785224,0.329941784617173,2021-08-23,"ETH"
1.39121534022829,-0.115413949131684,2021-08-24,"ETH"
1.35793853839263,0.0504505805986003,2021-08-26,"ETH"
1.39046877497076,0.206752823198627,2021-08-27,"ETH"
1.21135242649338,0.624560956029532,2021-08-29,"ETH"
1.25034548952878,0.623717578888511,2021-08-30,"ETH"
1.56671633591419,-0.045220916870562,2021-08-31,"ETH"
1.97976826259391,-0.986326876209331,2021-09-01,"ETH"
2.0872913461868,-1.16518114361739,2021-09-02,"ETH"
1.98717283575094,-0.589337898380788,2021-09-03,"ETH"
2.0148251669195,-0.806381590779255,2021-09-04,"ETH"
1.91276371871406,-0.20894754505707,2021-09-05,"ETH"
1.78748150113597,0.170159833925385,2021-09-06,"ETH"
1.58998394503757,0.119622523820925,2021-09-07,"ETH"
2.25318806220263,-1.86927767872841,2021-09-08,"ETH"
1.98426942504448,-1.1267363494986,2021-09-09,"ETH"
1.68557002555821,-0.374779941611653,2021-09-10,"ETH"
1.67895882358251,-0.217067972872689,2021-09-11,"ETH"
1.65498387596481,0.191167408647977,2021-09-12,"ETH"
1.5199450269032,0.315374596996955,2021-09-13,"ETH"
1.78365625383274,-0.37727628139658,2021-09-14,"ETH"
1.73188213006826,0.0595489603318338,2021-09-15,"ETH"
1.67507920897948,0.252692705805155,2021-09-16,"ETH"
1.67964703311187,-0.0626134569103372,2021-09-17,"ETH"
1.6565869085815,0.258182008909634,2021-09-18,"ETH"
1.52133368418249,0.496847754570282,2021-09-19,"ETH"
1.3424432707747,0.653451245836555,2021-09-20,"ETH"
1.6677101478709,-0.589419146323972,2021-09-21,"ETH"
1.86456919794757,-0.91488845530073,2021-09-22,"ETH"
1.72184156107283,-0.482270659722038,2021-09-23,"ETH"
1.45502053334766,0.199879670074008,2021-09-24,"ETH"
1.74494096138792,-0.584401183477363,2021-09-25,"ETH"
1.63023335613448,-0.0506402335057293,2021-09-26,"ETH"
1.61587160812593,-0.275671576541472,2021-09-27,"ETH"
1.43576859888433,0.0737031028545364,2021-09-28,"ETH"
1.40682857659494,0.247967916407335,2021-09-29,"ETH"
1.43543692795673,0.383919873603144,2021-09-30,"ETH"
1.6520742001934,0.237505376516329,2021-10-01,"ETH"
1.8462681814297,-0.195186734603361,2021-10-02,"ETH"
1.74953780637786,0.0670682532629797,2021-10-03,"ETH"
1.64808303223685,0.352968319636335,2021-10-04,"ETH"
1.81549236687077,0.222295696867859,2021-10-05,"ETH"
1.80570380328266,0.297921804727453,2021-10-06,"ETH"
1.96575682611547,-0.210091575118176,2021-10-07,"ETH"
1.89046208000979,0.116563312228374,2021-10-08,"ETH"
1.77322107868352,0.373680724760794,2021-10-09,"ETH"
1.58791352793554,0.756630681558931,2021-10-10,"ETH"
1.80818787082106,0.394703180814261,2021-10-11,"ETH"
1.89458139246795,0.209659088018899,2021-10-13,"ETH"
1.90388150017357,0.378917732119999,2021-10-14,"ETH"
1.971455825458,0.0569778470024656,2021-10-15,"ETH"
2.04914571891018,-0.0545802016335576,2021-10-16,"ETH"
1.9092138551395,0.388107187434534,2021-10-17,"ETH"
1.85795124737819,0.470728857623622,2021-10-18,"ETH"
1.94926272354028,0.321564510766524,2021-10-19,"ETH"
2.05710606791503,0.472694229445067,2021-10-20,"ETH"
2.14942939018331,0.0749624280043297,2021-10-21,"ETH"
2.90887690812928,-2.43998079102217,2021-10-22,"ETH"
2.19562169552901,0.102501726343627,2021-10-23,"ETH"
2.05011782780851,0.575286561003923,2021-10-24,"ETH"
2.15832941102326,0.598638450175915,2021-10-25,"ETH"
2.14582997967161,0.552445417714524,2021-10-26,"ETH"
2.12090832197725,0.381653153090585,2021-10-27,"ETH"
2.49446471643533,-0.507905811355367,2021-10-28,"ETH"
2.58413880015427,-0.612639305483917,2021-10-29,"ETH"
2.46251248837512,-0.194356341091489,2021-10-30,"ETH"
2.15987156442001,0.645771216500883,2021-10-31,"ETH"
2.30188444826243,0.438029284775947,2021-11-01,"ETH"
2.45810258499371,0.390181131324224,2021-11-02,"ETH"
2.55257205386885,0.134460028227008,2021-11-03,"ETH"
2.46045034508185,0.0476789804450906,2021-11-04,"ETH"
2.41153250927648,0.352429170183539,2021-11-05,"ETH"
2.32868765713531,0.654989971546804,2021-11-06,"ETH"
2.46891403031962,0.544245697267578,2021-11-07,"ETH"
2.48150357168596,0.82565544707572,2021-11-08,"ETH"
2.65546112539007,0.247333928351179,2021-11-09,"ETH"
2.57748753563019,0.285914243487527,2021-11-10,"ETH"
2.79471593557094,-0.0903181993343311,2021-11-11,"ETH"
2.6179487837104,0.458930915773985,2021-11-12,"ETH"
2.66622118850352,0.297580283646841,2021-11-13,"ETH"
2.40107073650112,0.891153301154712,2021-11-14,"ETH"
2.44892914101861,0.920286058426129,2021-11-15,"ETH"
2.31905970384759,0.518075871324712,2021-11-16,"ETH"
2.83932386004451,-0.515968287904946,2021-11-17,"ETH"
2.60580122501026,0.0959966119517295,2021-11-18,"ETH"
2.5216435583189,-0.00402028929748782,2021-11-19,"ETH"
2.51754527471029,0.221173337976262,2021-11-20,"ETH"
2.33274970952508,0.667759749596904,2021-11-21,"ETH"
2.29853044344325,0.810522816150957,2021-11-22,"ETH"
2.59352855401477,0.242509839072886,2021-11-23,"ETH"
2.61734612043671,0.0779637807447341,2021-11-24,"ETH"
2.45623445321635,0.334487563554207,2021-11-25,"ETH"
2.28122816591944,0.296533683268821,2021-11-26,"ETH"
2.59403182800494,-0.494480375907322,2021-11-27,"ETH"
2.43913582606717,0.694937401911232,2021-11-28,"ETH"
2.42465069730898,0.580043500053804,2021-11-29,"ETH"
2.60076556340201,0.348055146741393,2021-11-30,"ETH"
2.9754076121355,-0.639536202445138,2021-12-01,"ETH"
2.83895580000994,-0.3247028949997,2021-12-02,"ETH"
2.5536989717502,0.142205746262095,2021-12-03,"ETH"
2.64774560590886,-0.311661901995893,2021-12-04,"ETH"
3.08595072468193,-1.44525507827323,2021-12-05,"ETH"
2.79403734983522,-0.1100197080464,2021-12-06,"ETH"
2.90850949598115,-0.542058562302151,2021-12-07,"ETH"
2.70726484913739,0.249580509472495,2021-12-08,"ETH"
2.48156641505963,0.421979424839325,2021-12-09,"ETH"
2.46841929848813,0.142107314149235,2021-12-10,"ETH"
2.63661216406486,-0.228378093120986,2021-12-11,"ETH"
2.49939311557432,0.410985822487504,2021-12-12,"ETH"
2.30220062391113,0.957089072333324,2021-12-13,"ETH"
2.64505217646829,0.0743081735842157,2021-12-14,"ETH"
2.57183609655402,0.357114651373508,2021-12-15,"ETH"
2.67737521323431,-0.20494929799231,2021-12-16,"ETH"
2.40716458966269,0.472823337490244,2021-12-17,"ETH"
2.61184851802713,0.136228690170059,2021-12-18,"ETH"
2.47949078466386,0.537868610317307,2021-12-19,"ETH"
2.44661441070578,0.799978980419925,2021-12-20,"ETH"
2.66136866735605,0.324475069335239,2021-12-21,"ETH"
2.47818087888129,0.739678151145526,2021-12-22,"ETH"
2.44135693765698,0.968618749113896,2021-12-23,"ETH"
2.55657746374919,0.567126965939174,2021-12-24,"ETH"
2.41634958355734,1.0282740794221,2021-12-25,"ETH"
2.34481881965446,1.15330403003563,2021-12-26,"ETH"
2.3602938990862,1.16790209768804,2021-12-27,"ETH"
2.25735292246412,1.1705909119956,2021-12-28,"ETH"
2.4084849856184,0.62253610950024,2021-12-29,"ETH"
2.38471242986323,0.850456741195328,2021-12-30,"ETH"
2.26465017690333,1.01692598126355,2021-12-31,"ETH"
2.29984457218617,0.933184803932156,2022-01-01,"ETH"
2.28907609652943,0.929161819851684,2022-01-01,"ETH"
2.26753074508727,1.34668585092322,2022-01-02,"ETH"
2.29543994893383,1.35419477248821,2022-01-03,"ETH"
2.41810842716651,1.15854203362707,2022-01-04,"ETH"
1.7178314910929,0.791473114642979,2022-01-05,"ETH"
1.7855150905422,0.342109950299704,2022-01-06,"ETH"
1.82121663945024,-0.183798764071934,2022-01-07,"ETH"
1.75537401089538,-0.182805026518264,2022-01-08,"ETH"
2.26788193524274,0.837236165409505,2022-01-09,"ETH"
2.0372825187857,1.16352733963445,2022-01-10,"ETH"
2.32021206586494,0.476917842689428,2022-01-11,"ETH"
2.30387356005586,0.925696357240394,2022-01-12,"ETH"
2.24912737051055,0.886291639953785,2022-01-13,"ETH"
2.25977436360339,1.00946281729641,2022-01-14,"ETH"
2.11272391397196,1.11877575378835,2022-01-15,"ETH"
2.06870230129967,1.46453792298358,2022-01-16,"ETH"
2.07007408003177,1.4491840785173,2022-01-17,"ETH"
2.17764649726528,1.20385964686912,2022-01-18,"ETH"
2.12019671505742,1.11610240616089,2022-01-19,"ETH"
2.10546973258934,1.11479414918701,2022-01-20,"ETH"
1.96831559198414,1.05822041162567,2022-01-21,"ETH"
2.37464195301095,-0.356012167777436,2022-01-22,"ETH"
2.39223819553493,-0.260067569074237,2022-01-23,"ETH"
2.01245888414334,0.719550596494585,2022-01-24,"ETH"
2.28957404745546,-0.336769677867752,2022-01-25,"ETH"
2.03412761416422,0.82347353726601,2022-01-26,"ETH"
2.15900327169914,0.349029531569909,2022-01-27,"ETH"
2.03439019262037,0.777882301107613,2022-01-28,"ETH"
2.02911044983274,0.98395568020873,2022-01-29,"ETH"
1.92270342224295,1.30091489553793,2022-01-30,"ETH"
1.92281342807606,1.46987391465665,2022-01-31,"ETH"
2.14064838505917,1.05206522432824,2022-02-01,"ETH"
2.09930443885934,1.11478053992473,2022-02-02,"ETH"
1.97992521662688,0.999394482510418,2022-02-03,"ETH"
2.23660118988765,1.13081066167154,2022-02-06,"ETH"
2.13340217796977,1.48040416162502,2022-02-07,"ETH"
2.29943873412696,1.00769917465806,2022-02-08,"ETH"
2.45189547155938,0.806024064511336,2022-02-09,"ETH"
2.27040320645762,1.04486117103816,2022-02-10,"ETH"
2.28559087131545,0.571902803420589,2022-02-11,"ETH"
2.2673463414412,0.809174694222831,2022-02-12,"ETH"
2.17678736028838,1.29956597790398,2022-02-13,"ETH"
2.12590983692026,1.50656676654667,2022-02-14,"ETH"
2.3034915869607,1.23095157885443,2022-02-15,"ETH"
2.27291122109072,1.02101429565055,2022-02-16,"ETH"
2.16159439491085,1.11542470966268,2022-02-17,"ETH"
2.21281990906984,0.838502848846107,2022-02-18,"ETH"
2.16858030129523,0.841693930802046,2022-02-19,"ETH"
1.95642764372572,1.38993888517894,2022-02-20,"ETH"
2.0423756965213,1.2039611213195,2022-02-21,"ETH"
2.19481863498327,0.555004890597716,2022-02-22,"ETH"
2.12034598513585,0.769006521813907,2022-02-23,"ETH"
2.03827664301398,1.04909922164389,2022-02-24,"ETH"
2.59714271996271,-0.486191711770853,2022-02-25,"ETH"
2.22360738937531,0.692239903071825,2022-02-26,"ETH"
2.06273124900686,1.22861884078511,2022-02-27,"ETH"
2.27965815359125,0.738253244236037,2022-02-28,"ETH"
2.40129428288188,0.525452225702881,2022-03-01,"ETH"
2.36726789640951,0.598497018022988,2022-03-02,"ETH"
2.21053914858251,0.752201105396973,2022-03-03,"ETH"
2.07215133236983,1.05124551407817,2022-03-04,"ETH"
2.09219394929201,0.878176982442263,2022-03-05,"ETH"
1.85254665164282,1.49013613128845,2022-03-06,"ETH"
1.77654560105995,1.39615601828366,2022-03-07,"ETH"
2.04957852087348,0.898087023824896,2022-03-08,"ETH"
2.06098888740681,0.94351835397075,2022-03-09,"ETH"
2.12856469521037,0.932885726079473,2022-03-10,"ETH"
2.02749952302795,1.03745821780658,2022-03-11,"ETH"
2.07385721123025,1.20602642823361,2022-03-12,"ETH"
1.80727825244059,1.71341353640583,2022-03-13,"ETH"
1.90375231871279,1.5124233003002,2022-03-14,"ETH"
1.9484059657346,1.2879593456887,2022-03-15,"ETH"
2.10147775931911,1.17662277967429,2022-03-16,"ETH"
2.295321554637,0.511883907647745,2022-03-17,"ETH"
2.1804212901439,1.16907583904639,2022-03-18,"ETH"
2.29074835128523,1.01543680657711,2022-03-19,"ETH"
2.08808628404187,1.36737378738302,2022-03-20,"ETH"
2.17568028673827,1.30257780063035,2022-03-21,"ETH"
2.23026604200703,1.05453282175308,2022-03-22,"ETH"
2.33359972715967,0.907155079553587,2022-03-23,"ETH"
2.30320951403302,1.02703227625543,2022-03-24,"ETH"
2.42597950831023,0.880468692781652,2022-03-25,"ETH"
2.3569009597643,0.9152703386271,2022-03-26,"ETH"
2.20983866640618,1.62939133137599,2022-03-27,"ETH"
2.38684876365477,1.25682154341656,2022-03-28,"ETH"
2.5891517601736,0.671580460659989,2022-03-29,"ETH"
2.60173669665489,0.736465906900523,2022-03-30,"ETH"
2.40505573201363,1.04999782008156,2022-03-31,"ETH"
2.58145355793226,0.890317002031942,2022-04-01,"ETH"
2.64538884361601,0.569234295446392,2022-04-02,"ETH"
2.74180005714629,0.356714427705262,2022-04-03,"ETH"
2.52264489801141,1.07927576848565,2022-04-04,"ETH"
2.56437696330686,0.820197167174235,2022-04-05,"ETH"
2.41800990603845,0.977200857587772,2022-04-06,"ETH"
2.77790849333553,0.00838244420200213,2022-04-07,"ETH"
2.48630608010869,0.896627412851737,2022-04-08,"ETH"
2.53147255040092,0.767698946165688,2022-04-09,"ETH"
2.27583953505471,1.49762199480075,2022-04-10,"ETH"
2.27397463833109,1.4582200936706,2022-04-11,"ETH"
2.51018753726288,0.429266153480463,2022-04-12,"ETH"
2.53295720200847,0.64236410671857,2022-04-13,"ETH"
2.39192406688,0.953271586606107,2022-04-14,"ETH"
2.39068107709117,0.90585419652764,2022-04-15,"ETH"
2.3025707972247,1.20472197012972,2022-04-16,"ETH"
2.26602362279493,1.54773210456504,2022-04-17,"ETH"
2.34338402416646,1.52041591563468,2022-04-18,"ETH"
2.56660789162772,0.736023244585967,2022-04-19,"ETH"
2.37243225853909,1.13620473717329,2022-04-20,"ETH"
2.42023007583728,0.998980966768549,2022-04-21,"ETH"
2.56331005525041,0.519534070957062,2022-04-22,"ETH"
2.47908095935966,0.928507636985022,2022-04-23,"ETH"
2.26300046750547,1.59862832356327,2022-04-24,"ETH"
2.30233235264438,1.54608824286369,2022-04-25,"ETH"
2.49987577299865,0.365334258526845,2022-04-26,"ETH"
2.39490370328985,0.74278293256775,2022-04-27,"ETH"
2.4326740038912,0.822102491853915,2022-04-28,"ETH"
2.40515457613629,0.706641762155386,2022-04-29,"ETH"
2.43951691442351,0.7663944281137,2022-04-30,"ETH"
2.39683172764148,1.26454752353778,2022-05-01,"ETH"
2.41992290659566,1.08267079214843,2022-05-02,"ETH"
2.54420898105272,0.819231347880707,2022-05-03,"ETH"
2.3438062449619,1.20818006885585,2022-05-04,"ETH"
2.38891036791639,0.801701596195703,2022-05-05,"ETH"
2.45039263653593,0.479757440475198,2022-05-06,"ETH"
2.44381366782727,0.519774938157968,2022-05-07,"ETH"
2.30522570903877,1.27975278255331,2022-05-08,"ETH"
2.4393206479284,0.566208074809748,2022-05-09,"ETH"
2.69446614037635,-0.730421700719198,2022-05-10,"ETH"
2.85585449644643,-0.879470189372752,2022-05-11,"ETH"
2.90734987383648,-1.81108819028967,2022-05-12,"ETH"
2.98515870788385,-1.29765041678007,2022-05-13,"ETH"
2.31714897790087,0.203989528696002,2022-05-14,"ETH"
2.24749521305959,1.1219026409171,2022-05-15,"ETH"
2.15267852448858,1.10234545722926,2022-05-16,"ETH"
2.33322405901004,0.595372545905065,2022-05-17,"ETH"
2.2486110812737,0.893114376203284,2022-05-18,"ETH"
2.18599324366487,0.966805516403299,2022-05-19,"ETH"
2.22851177163225,0.79768780402016,2022-05-20,"ETH"
2.15887404534141,1.08773132102508,2022-05-21,"ETH"
1.90613138388767,1.68984383562007,2022-05-22,"ETH"
1.96287608853339,1.51394296325111,2022-05-23,"ETH"
2.12859946867854,1.07674945222662,2022-05-24,"ETH"
2.02777199060911,1.21743306741407,2022-05-25,"ETH"
1.92716161510215,1.2316668527704,2022-05-26,"ETH"
2.23681484542643,0.349106819479149,2022-05-27,"ETH"
2.26669207112135,0.183782977969133,2022-05-28,"ETH"
1.97848407625851,1.30363119864615,2022-05-29,"ETH"
1.99346905685989,1.50776375688889,2022-05-30,"ETH"
2.19407849936942,0.689667955404966,2022-05-31,"ETH"
2.04440896115793,0.788354077517265,2022-06-01,"ETH"
2.17044966601835,0.584831406139477,2022-06-02,"ETH"
2.07058415436161,0.900345060859453,2022-06-03,"ETH"
2.17058418956802,1.07799761979983,2022-06-04,"ETH"
1.88725165710909,1.64063833663744,2022-06-05,"ETH"
1.84289598477673,1.60796654778132,2022-06-06,"ETH"
2.13002601339591,0.900400363436069,2022-06-07,"ETH"
2.37938549340928,0.296982728965401,2022-06-08,"ETH"
2.12565404010333,0.793931436464556,2022-06-09,"ETH"
1.82753741997141,1.42050675546429,2022-06-10,"ETH"
2.01446872528878,0.792976151548694,2022-06-11,"ETH"
2.11736313357816,0.568305087394331,2022-06-12,"ETH"
1.93120283996505,0.285490400456602,2022-06-13,"ETH"
2.51220867821249,-1.96298209526004,2022-06-14,"ETH"
1.98668227486377,-0.689277190149612,2022-06-15,"ETH"
2.16473552054184,-1.28872580714841,2022-06-16,"ETH"
1.6110973655327,0.661169404983919,2022-06-17,"ETH"
1.45989327322014,1.01035292320691,2022-06-18,"ETH"
1.59965844202991,0.34230458945472,2022-06-19,"ETH"
1.62437207639816,0.29470685716875,2022-06-20,"ETH"
1.74299467886303,0.526912836544991,2022-06-21,"ETH"
1.52171902449238,0.950751214715593,2022-06-22,"ETH"
1.51008216543875,0.984175043615292,2022-06-23,"ETH"
1.52888547368511,0.988686468996066,2022-06-24,"ETH"
1.66606191953822,0.835212200198443,2022-06-25,"ETH"
1.40001121158811,1.19837782515339,2022-06-26,"ETH"
1.47811133182332,1.26076856652425,2022-06-27,"ETH"
1.40993338710043,1.17437567141541,2022-06-28,"ETH"
1.41016298511104,1.06667983758678,2022-06-29,"ETH"
1.23200189138008,0.845506862330609,2022-06-30,"ETH"
1.13813189660192,0.743815854359296,2022-07-01,"ETH"
1.23720894467692,0.578699707853843,2022-07-02,"ETH"
1.05714751907785,1.28989581227016,2022-07-03,"ETH"
1.03706841516487,1.43785314767724,2022-07-04,"ETH"
1.20410929637095,0.915908423307335,2022-07-05,"ETH"
1.22435324075559,0.76016327007363,2022-07-06,"ETH"
1.23019465432162,0.852411965343787,2022-07-07,"ETH"
1.22850360477807,0.979715960974338,2022-07-08,"ETH"
1.26550156225218,0.776461956324826,2022-07-09,"ETH"
1.07040408001626,1.45537034589907,2022-07-10,"ETH"
1.03652042088012,1.20178228254009,2022-07-11,"ETH"
1.11641928576239,1.10841263065155,2022-07-12,"ETH"
1.04428179279237,1.0842711268998,2022-07-13,"ETH"
1.27551318872174,0.524690724136754,2022-07-14,"ETH"
1.30382735507531,0.676545520329102,2022-07-15,"ETH"
1.39806318102228,0.661408225178572,2022-07-16,"ETH"
1.40905924154752,0.447584236866186,2022-07-17,"ETH"
1.45338864304925,0.753567979125003,2022-07-18,"ETH"
1.76573357114909,-0.184218276422077,2022-07-19,"ETH"
1.76570851365619,-0.312156903727978,2022-07-20,"ETH"
1.59267027783731,0.215713746978201,2022-07-21,"ETH"
1.52853131386792,0.428030171972474,2022-07-22,"ETH"
1.59732539879579,0.584990242163263,2022-07-23,"ETH"
1.50176465836486,0.859915248178752,2022-07-24,"ETH"
1.40300965946431,0.728086414546462,2022-07-25,"ETH"
1.52505756680847,0.394077313386852,2022-07-26,"ETH"
1.5349248639707,0.586732134947283,2022-07-27,"ETH"
1.76559696801028,0.155202720884434,2022-07-28,"ETH"
1.82164033715175,-0.293677825452926,2022-07-29,"ETH"
1.68775403101156,0.229441073655984,2022-07-30,"ETH"
1.44775997712395,0.894721693985248,2022-07-31,"ETH"
1.41366650995896,1.02220280290889,2022-08-01,"ETH"
1.55097900990106,0.812863872000329,2022-08-02,"ETH"
1.58157065321371,0.436896175731812,2022-08-03,"ETH"
1.48406110513819,0.78727795647851,2022-08-04,"ETH"
1.53960341610956,0.938041303788987,2022-08-05,"ETH"
1.59403653593925,0.601445132431414,2022-08-06,"ETH"
1.40949841365483,1.17741403016037,2022-08-07,"ETH"
1.33246965636185,1.31399272831103,2022-08-08,"ETH"
1.53524382022451,0.792014977714697,2022-08-09,"ETH"
1.83487166980493,0.0155877290571339,2022-08-10,"ETH"
1.80896218554062,0.260266222436218,2022-08-11,"ETH"
1.73782023218009,0.209462995610829,2022-08-12,"ETH"
1.7271651379512,0.799428250708302,2022-08-13,"ETH"
1.70172196631631,0.899396949620772,2022-08-14,"ETH"
1.49790242868556,1.09075991816448,2022-08-15,"ETH"
1.74548366214021,0.575023704636836,2022-08-16,"ETH"
1.60635873232477,0.934348360956871,2022-08-17,"ETH"
1.59006388199878,0.508541385074251,2022-08-18,"ETH"
1.34417159251689,0.952136540199372,2022-08-19,"ETH"
1.58022268389136,0.115301172753951,2022-08-20,"ETH"
1.51184777774507,0.7108077899182,2022-08-21,"ETH"
1.37001753557342,0.878823971999985,2022-08-22,"ETH"
1.53858204993872,0.690546244197966,2022-08-23,"ETH"
1.53412149097987,0.637140449720537,2022-08-24,"ETH"
1.33017847531236,1.00658178879719,2022-08-26,"ETH"
1.64143183715735,0.102682761667258,2022-08-27,"ETH"
1.36410247132814,0.777606814642845,2022-08-28,"ETH"
1.38535677773802,1.2544818198161,2022-08-29,"ETH"
1.49377493754346,0.705408665039009,2022-08-30,"ETH"
1.56709926306539,0.41175756111423,2022-08-31,"ETH"
1.54589012142053,0.510315435473186,2022-09-01,"ETH"
1.52928792978825,0.85692370628932,2022-09-02,"ETH"
1.47492490729411,0.760550237314742,2022-09-03,"ETH"
1.33003407674798,1.43723577051049,2022-09-04,"ETH"
1.21172933364892,1.45417351708896,2022-09-05,"ETH"
1.30415672390682,1.0989439577983,2022-09-06,"ETH"
1.61702825528962,0.305480297673263,2022-09-07,"ETH"
1.58794030635927,0.523499859114546,2022-09-08,"ETH"
1.57031237842674,0.693457358956847,2022-09-09,"ETH"
1.67921086487207,0.453734522463036,2022-09-10,"ETH"
1.43473487990138,1.05014671511528,2022-09-11,"ETH"
1.41368046359092,1.13174475473082,2022-09-12,"ETH"
1.50264794102808,0.677718136956466,2022-09-13,"ETH"
1.57886564412823,0.147544480811805,2022-09-14,"ETH"
-1.05134230012899,-0.325793809622831,2022-09-15,"ETH"
-1.24210192026075,-1.15400544627149,2022-09-16,"ETH"
-1.41509268806203,-0.536065961030911,2022-09-17,"ETH"
-1.67624111614156,0.139601023459189,2022-09-18,"ETH"
-1.54018404886573,-0.252114077529428,2022-09-19,"ETH"
-1.4787214730563,-0.527285041186574,2022-09-20,"ETH"
-1.6226563776254,-0.157424549430415,2022-09-21,"ETH"
-1.45093858941292,-0.61449801016312,2022-09-22,"ETH"
-1.48332457729659,-0.505660087272222,2022-09-23,"ETH"
-1.48559426826347,-0.513300465491042,2022-09-24,"ETH"
-1.66746130274061,0.0543919059920807,2022-09-25,"ETH"
-1.66880629990038,0.117905194411674,2022-09-26,"ETH"
-1.54428090563329,-0.304543878883499,2022-09-27,"ETH"
-1.502055011951,-0.431046546546076,2022-09-28,"ETH"
-1.50570363049606,-0.420808731932328,2022-09-29,"ETH"
-1.63742164495963,0.00299620636244147,2022-09-30,"ETH"
-1.64399368995154,0.00128586641146655,2022-10-01,"ETH"
-1.8435048855806,0.608806035092219,2022-10-02,"ETH"
-1.79194152669167,0.504739047286208,2022-10-03,"ETH"
-1.70772541093728,0.279840576659504,2022-10-04,"ETH"
-1.71599754162639,0.29411075451396,2022-10-05,"ETH"
-1.7182361859581,0.301747460170769,2022-10-06,"ETH"
-1.66857483153217,0.10875110285895,2022-10-07,"ETH"
-1.71671540927644,0.245352979741918,2022-10-08,"ETH"
-1.82684600368933,0.619722568894062,2022-10-09,"ETH"
-1.84574465095271,0.635915585605269,2022-10-10,"ETH"
-1.77547619927258,0.390512285670942,2022-10-11,"ETH"
-1.74712213061162,0.317240223646495,2022-10-12,"ETH"
-1.77189061680233,0.38887664301107,2022-10-13,"ETH"
-1.55441590663149,-0.314642808093193,2022-10-14,"ETH"
-1.66089360320571,0.00554362206597953,2022-10-15,"ETH"
-1.81227541598033,0.547601010916822,2022-10-16,"ETH"
-1.78628697461487,0.496736101128719,2022-10-17,"ETH"
-1.73160326241082,0.288537802453408,2022-10-18,"ETH"
-1.71773967791213,0.207660271812914,2022-10-19,"ETH"
-1.75700578905025,0.333635293118418,2022-10-20,"ETH"
-1.73136565705422,0.272486671971568,2022-10-21,"ETH"
-1.72794202304891,0.280357907445112,2022-10-22,"ETH"
-1.80868192720805,0.615803211404625,2022-10-23,"ETH"
-1.74094690340653,0.364971169862108,2022-10-24,"ETH"
-1.61188466381277,0.0995436423632608,2022-10-25,"ETH"
-1.32792605624578,-0.688840802841379,2022-10-26,"ETH"
-1.21674407476341,-1.12689426267145,2022-10-27,"ETH"
-1.3836037140562,-0.521544410139644,2022-10-28,"ETH"
-1.41406666625569,-0.331125597108427,2022-10-29,"ETH"
-1.3879892904433,-0.457396127416958,2022-10-30,"ETH"
-1.57667397977431,0.139967097865825,2022-10-31,"ETH"
-1.45071974459687,-0.265672365640595,2022-11-01,"ETH"
-1.35888264492262,-0.651911750355055,2022-11-02,"ETH"
-1.12846375530502,-1.39442709321051,2022-11-03,"ETH"
-1.21628817834587,-0.947759684224672,2022-11-04,"ETH"
-0.832025919680464,-2.23852633851055,2022-11-05,"ETH"
-1.28388647392266,-0.827417543025299,2022-11-06,"ETH"
-1.2574848112777,-0.918928474486302,2022-11-07,"ETH"
-1.13183638729769,-1.65365064704426,2022-11-08,"ETH"
-1.17416742986007,-1.83786485629635,2022-11-09,"ETH"
-1.1763833583057,-1.55677538381778,2022-11-10,"ETH"
-1.32236633457725,-1.09034579006287,2022-11-11,"ETH"
-1.51728018858259,-0.492847592284754,2022-11-12,"ETH"
-1.76849696725075,0.286745990422104,2022-11-13,"ETH"
-1.78470370325746,0.369373353087521,2022-11-14,"ETH"
-1.66240504784418,-0.0186428436895383,2022-11-15,"ETH"
-1.7665650587801,0.259205923253825,2022-11-16,"ETH"
-1.76887161500371,0.265444525557903,2022-11-17,"ETH"
-1.81674307958718,0.426125653530494,2022-11-18,"ETH"
-1.85256072444266,0.558400591384552,2022-11-19,"ETH"
-1.93440611465342,0.724811797078322,2022-11-20,"ETH"
-1.864679995367,0.446191555637434,2022-11-21,"ETH"
-1.75502379430361,0.129470608931005,2022-11-22,"ETH"
-1.76734776481111,0.233674647438625,2022-11-23,"ETH"
-1.76077821930726,0.236861121158173,2022-11-24,"ETH"
-1.82380116211107,0.436687987821247,2022-11-25,"ETH"
-1.85166460773331,0.538198482672055,2022-11-26,"ETH"
-1.87151343688408,0.587346012107123,2022-11-27,"ETH"
-1.91252068163148,0.687020302868535,2022-11-28,"ETH"
-1.82946708410731,0.480811712879468,2022-11-29,"ETH"
-1.77928629488138,0.423010817490226,2022-11-30,"ETH"
-1.71197050377477,0.175873289520978,2022-12-01,"ETH"
-1.79867168501184,0.488638983987465,2022-12-02,"ETH"
-1.84195646176477,0.554961413047702,2022-12-03,"ETH"
-1.83829806813897,0.597148088479832,2022-12-04,"ETH"
-1.85587234535683,0.627196491224331,2022-12-05,"ETH"
-1.82515965048252,0.542175790408018,2022-12-06,"ETH"
-1.86973612023484,0.633499326393291,2022-12-07,"ETH"
-1.83240198156886,0.578507590603234,2022-12-08,"ETH"
-1.82499278736963,0.530043299590028,2022-12-09,"ETH"
-1.82847397912774,0.546702823360409,2022-12-10,"ETH"
-1.90063519418986,0.780025775751708,2022-12-11,"ETH"
-1.89469496006588,0.776468918201734,2022-12-12,"ETH"
-1.82346157876021,0.604941369073833,2022-12-13,"ETH"
-1.73227473503449,0.285918455238123,2022-12-14,"ETH"
-1.76558660424227,0.339094617126429,2022-12-15,"ETH"
-1.8622922989664,0.520159255453388,2022-12-16,"ETH"
-1.76442746216492,0.225998759123368,2022-12-17,"ETH"
-1.88618211844777,0.620899037505667,2022-12-18,"ETH"
-1.93897573972846,0.774313321445613,2022-12-19,"ETH"
-1.8885633976438,0.676460243324437,2022-12-20,"ETH"
-1.83068671175634,0.481122936480449,2022-12-21,"ETH"
-1.89371647797169,0.693927960375161,2022-12-22,"ETH"
-1.86271643958658,0.595204283822048,2022-12-23,"ETH"
-1.87376225974524,0.632192737763916,2022-12-24,"ETH"
-1.93789199439214,0.841029608990447,2022-12-25,"ETH"
-1.90021463001048,0.729272660195295,2022-12-26,"ETH"
-1.92375634029974,0.784669208193696,2022-12-27,"ETH"
-1.90141843210556,0.681222605785982,2022-12-28,"ETH"
-1.87097532255572,0.595904668784745,2022-12-29,"ETH"
-1.89864661229237,0.685628092274986,2022-12-30,"ETH"
-1.90208997184724,0.691259333069094,2022-12-31,"ETH"
-1.93321539931814,0.800513056896925,2023-01-01,"ETH"
-1.94702094407643,0.864507175249829,2023-01-02,"ETH"
-1.90151672159945,0.715467812020236,2023-01-03,"ETH"
-1.89654714444044,0.7575666419189,2023-01-04,"ETH"
-1.80822116221512,0.458335180371825,2023-01-05,"ETH"
-1.8733913830877,0.698166782750414,2023-01-06,"ETH"
-1.84375458280677,0.593293823796324,2023-01-07,"ETH"
-1.90927795104503,0.842977570129651,2023-01-08,"ETH"
-1.86988738650218,0.757560194478111,2023-01-09,"ETH"
-1.72222713024199,0.291268630928754,2023-01-10,"ETH"
-1.76013330487028,0.491689817818854,2023-01-11,"ETH"
-1.73874206528373,0.457448829329154,2023-01-12,"ETH"
-1.54560068883833,-0.1308489150553,2023-01-13,"ETH"
-1.63986284133143,0.316619581842297,2023-01-14,"ETH"
-1.44537282542812,-0.32045680314391,2023-01-15,"ETH"
-1.66441101526783,0.434670850675943,2023-01-16,"ETH"
-1.60535663216424,0.223191333195455,2023-01-17,"ETH"
-1.65320979814868,0.307190034243913,2023-01-18,"ETH"
-1.54621239556346,0.0103261780460785,2023-01-19,"ETH"
-1.63569192957391,0.454766043891569,2023-01-20,"ETH"
-1.58585047463482,0.24299666316659,2023-01-21,"ETH"
-1.57344628384143,0.204171186553287,2023-01-22,"ETH"
-1.61249034331541,0.3321035975856,2023-01-23,"ETH"
-1.61965410578476,0.258512778639385,2023-01-24,"ETH"
-1.59585098573682,0.256112714086556,2023-01-25,"ETH"
-1.5215171481092,-0.000735471335204907,2023-01-26,"ETH"
-1.57435146421261,0.166492086521277,2023-01-27,"ETH"
-1.59759328103772,0.20919582053213,2023-01-28,"ETH"
-1.65092720859809,0.48556641123266,2023-01-29,"ETH"
-1.5882248807424,0.169279528903152,2023-01-30,"ETH"
-1.55494022335795,0.085536752032254,2023-01-31,"ETH"
-1.62480209065025,0.394171596804585,2023-02-01,"ETH"
-1.57738319555697,0.237439106389516,2023-02-02,"ETH"
-1.48006089724094,-0.0527214788433213,2023-02-03,"ETH"
-1.56066801323206,0.217164985311312,2023-02-04,"ETH"
-1.65113882391894,0.463512104889283,2023-02-05,"ETH"
-1.61836185973857,0.33381466563384,2023-02-06,"ETH"
-1.60508020232419,0.36969407329077,2023-02-07,"ETH"
-1.57667901531563,0.247932901726526,2023-02-08,"ETH"
-1.63144910818061,0.282518612999874,2023-02-09,"ETH"
-1.54443850363203,-0.0476633569054384,2023-02-10,"ETH"
-1.60401979892784,0.182476326503864,2023-02-11,"ETH"
-1.71704082437935,0.523194979124452,2023-02-12,"ETH"
-1.71940019734991,0.517736178262068,2023-02-13,"ETH"
-1.55102201577544,0.0315111294603059,2023-02-14,"ETH"
-1.49752453386251,0.0208832273701839,2023-02-15,"ETH"
-1.52934585019966,0.0777268238591536,2023-02-16,"ETH"
-1.44462811815364,-0.127775165185873,2023-02-17,"ETH"
-1.51572683969473,0.103230845565351,2023-02-18,"ETH"
-1.65421292380412,0.545500753053129,2023-02-19,"ETH"
-1.60080030677227,0.399560831964053,2023-02-20,"ETH"
-1.59344155639164,0.314753637314185,2023-02-21,"ETH"
-1.5649147290004,0.19865677765375,2023-02-22,"ETH"
-1.55905360932326,0.189191028810195,2023-02-23,"ETH"
-1.58021743452712,0.200544214771071,2023-02-24,"ETH"
-1.58823291315159,0.20819025781319,2023-02-25,"ETH"
-1.66376389668192,0.521846376546026,2023-02-26,"ETH"
-1.66050760964079,0.50013938234102,2023-02-27,"ETH"
-1.63010244267578,0.359976111134802,2023-02-28,"ETH"
-1.63285724553676,0.453827268717393,2023-03-01,"ETH"
-1.59197734842369,0.293318133034139,2023-03-02,"ETH"
-1.64447828172654,0.357921491722268,2023-03-03,"ETH"
-1.55710034908844,0.0670764347299002,2023-03-04,"ETH"
-1.73135767488205,0.637917731234272,2023-03-05,"ETH"
-0.172101599657418,-4.49715437438386,2023-03-06,"ETH"
-1.68279567168766,0.474359584641752,2023-03-07,"ETH"
-1.6431325720431,0.303987541219943,2023-03-08,"ETH"
-1.59086262782345,0.00126033926509456,2023-03-09,"ETH"
-1.62343720188618,0.0923471217110525,2023-03-10,"ETH"
-1.50094486961643,-0.249907398438405,2023-03-11,"ETH"
-1.35686069686946,-0.574004338502337,2023-03-12,"ETH"
-1.43716145219944,-0.180065631182872,2023-03-13,"ETH"
-0.0341938687509645,-4.7660798945096,2023-03-14,"ETH"
-1.28780907931399,-0.705650286343381,2023-03-15,"ETH"
-1.34783420582664,-0.474524618470902,2023-03-16,"ETH"
-0.948546779746667,-1.63046559243891,2023-03-17,"ETH"
-1.38886206245453,-0.222149034960986,2023-03-18,"ETH"
-1.44777112766757,0.000618258365666147,2023-03-19,"ETH"
-1.50063875998726,0.109662751729215,2023-03-20,"ETH"
-1.41075877100137,-0.0881073648869168,2023-03-21,"ETH"
-1.4974346391416,0.102083772916942,2023-03-22,"ETH"
-1.38340022165754,-0.163688193099322,2023-03-23,"ETH"
-1.48726094253589,0.0890041721545625,2023-03-24,"ETH"
-1.47326778101722,0.0333478387948333,2023-03-25,"ETH"
-1.55737894178047,0.35424950535596,2023-03-26,"ETH"
-1.57117385206192,0.317679350576268,2023-03-27,"ETH"
-1.51086926627886,0.199053728798806,2023-03-28,"ETH"
-1.50805865220364,0.21826595272642,2023-03-29,"ETH"
-1.48489931442537,0.142430579594601,2023-03-30,"ETH"
-1.45805503150819,0.0926960174686984,2023-03-31,"ETH"
-1.47549190406574,0.148951308240674,2023-04-01,"ETH"
-1.59831818176337,0.518036348262911,2023-04-02,"ETH"
-1.57876794666403,0.475388987764475,2023-04-03,"ETH"
-1.4329294436692,0.077398112012455,2023-04-04,"ETH"
-1.4051557275243,0.0389928399155468,2023-04-05,"ETH"
-1.4200728249045,0.0376246489004414,2023-04-06,"ETH"
-1.48835548590246,0.250267956532982,2023-04-07,"ETH"
-1.49190611549005,0.241896641608357,2023-04-08,"ETH"
-1.57820904278917,0.539992195963317,2023-04-09,"ETH"
-1.51801176520809,0.412701878211675,2023-04-10,"ETH"
-1.46576205993992,0.212263554714444,2023-04-11,"ETH"
-1.43829634671088,0.15866710164385,2023-04-12,"ETH"
-1.31995544746456,-0.0993220557596895,2023-04-13,"ETH"
-1.26188728398655,-0.169296302758443,2023-04-14,"ETH"
-1.15862525900501,-0.522457926943598,2023-04-15,"ETH"
-1.38117250727933,0.250350384802761,2023-04-16,"ETH"
-1.41021547839128,0.284527640967563,2023-04-17,"ETH"
-1.34574371984317,0.111608955136916,2023-04-18,"ETH"
-1.43368149079491,0.1702295614472,2023-04-19,"ETH"
-1.27945545522772,-0.328565156479094,2023-04-20,"ETH"
-1.406675145222,-0.0377135842155426,2023-04-21,"ETH"
-1.36941789722888,-0.127125627162122,2023-04-22,"ETH"
-1.52695219653478,0.375442242095452,2023-04-23,"ETH"
-1.54705337582085,0.413838759246159,2023-04-24,"ETH"
-1.48816243952615,0.253052329265263,2023-04-25,"ETH"
-1.47476189913972,0.209032705907122,2023-04-26,"ETH"
-1.28143536587763,-0.368852263168188,2023-04-27,"ETH"
-1.25692096387127,-0.473991749561823,2023-04-28,"ETH"
-1.47973068686509,0.283056304182147,2023-04-29,"ETH"
-1.59335496406205,0.603609657858547,2023-04-30,"ETH"
-1.55298206376118,0.417796591160284,2023-05-01,"ETH"
-1.47319847528934,0.208770550564353,2023-05-02,"ETH"
-1.49505270154411,0.329083725454167,2023-05-03,"ETH"
-1.49239121584894,0.282109816932001,2023-05-04,"ETH"
-1.49064004086324,0.436881573691401,2023-05-05,"ETH"
-1.43531887793057,0.120888346715996,2023-05-06,"ETH"
-1.43295075165911,0.0778923100055055,2023-05-07,"ETH"
-1.57580430684258,0.516115962036013,2023-05-08,"ETH"
-1.43317737403514,0.0451101911635184,2023-05-09,"ETH"
-1.57468196066304,0.503529716012959,2023-05-10,"ETH"
-1.48239280083448,0.135672073024876,2023-05-11,"ETH"
-1.51124366710006,0.248143929867821,2023-05-12,"ETH"
-1.48066326759583,0.130332958785543,2023-05-13,"ETH"
-1.62503186933962,0.612030894228483,2023-05-14,"ETH"
-1.62410711359057,0.633498659275763,2023-05-15,"ETH"
-1.54682295474729,0.388380675938899,2023-05-16,"ETH"
-1.58501652403763,0.511116636930416,2023-05-17,"ETH"
-1.58366359545728,0.478015166693649,2023-05-18,"ETH"
-1.59197784361132,0.521032174425525,2023-05-19,"ETH"
-1.61821894771957,0.617646622368202,2023-05-20,"ETH"
-1.67796464538365,0.794059443010262,2023-05-21,"ETH"
-1.65338970329348,0.730080401695859,2023-05-22,"ETH"
-1.60157041525669,0.610297372404249,2023-05-23,"ETH"
-1.55994338642149,0.398349627884934,2023-05-24,"ETH"
-1.54499385820804,0.357092507699684,2023-05-25,"ETH"
-1.55056159440602,0.406014251595289,2023-05-26,"ETH"
-1.58266103888684,0.514678703545702,2023-05-27,"ETH"
-1.60950942147244,0.711371403949248,2023-05-28,"ETH"
-1.53017006160399,0.428253826027993,2023-05-29,"ETH"
-1.53951574537891,0.470080356078333,2023-05-30,"ETH"
-1.57080215067432,0.535928887661338,2023-05-31,"ETH"
-1.57810704074647,0.54361408573837,2023-06-01,"ETH"
-1.55107441155878,0.517139674160492,2023-06-02,"ETH"
-1.53900770705674,0.456596429662588,2023-06-03,"ETH"
-1.62439142729189,0.735125084938693,2023-06-04,"ETH"
-1.64395223845617,0.690706686867907,2023-06-05,"ETH"
-1.43421293752744,0.100453714574147,2023-06-06,"ETH"
-1.49227096881652,0.219833927827586,2023-06-07,"ETH"
-1.51564071511337,0.315582267315789,2023-06-08,"ETH"
-1.6161372113003,0.639409765907384,2023-06-09,"ETH"
-1.64626842423027,0.615998875591373,2023-06-10,"ETH"
-0.658921688791199,-2.63519315893861,2023-06-11,"ETH"
-1.65165074741679,0.621324482885796,2023-06-12,"ETH"
-1.6067220359576,0.469122797041662,2023-06-13,"ETH"
-1.64142241660904,0.461066651419969,2023-06-14,"ETH"
-1.60150808869868,0.351632721381457,2023-06-15,"ETH"
-1.57350989283992,0.329735018355349,2023-06-16,"ETH"
-1.60406375947671,0.444029553860471,2023-06-17,"ETH"
-1.66525722566781,0.636230882045828,2023-06-18,"ETH"
-1.67968139591979,0.705961992430597,2023-06-19,"ETH"
-1.6113864547222,0.55628164348643,2023-06-20,"ETH"
-1.51304293663237,0.367946430586831,2023-06-21,"ETH"
-1.40087709800547,-0.0257867060638051,2023-06-22,"ETH"
-1.45941496987841,0.194181308806932,2023-06-23,"ETH"
-1.48103760679547,0.242028409171629,2023-06-24,"ETH"
-1.59114334271467,0.637667830538994,2023-06-25,"ETH"
-1.54031000034967,0.41525979250343,2023-06-26,"ETH"
-1.45903397305674,0.189556933999973,2023-06-27,"ETH"
-1.51393971710776,0.285424163296302,2023-06-28,"ETH"
-1.55797672319613,0.463616582336312,2023-06-29,"ETH"
-1.53000039785147,0.484496874785468,2023-06-30,"ETH"
